"","predatathin","postdatathin"
"sd",126.888140982684,5.10028250785586
"min",1,1
"max",1802,28
