"","Sensitivity","Specificity","Pos Pred Value","Neg Pred Value","Precision","Recall","F1","Prevalence","Detection Rate","Detection Prevalence","Balanced Accuracy"
"Class: aves",0.952380952380952,1,1,0.992982456140351,1,0.952380952380952,0.975609756097561,0.129230769230769,0.123076923076923,0.123076923076923,0.976190476190476
"Class: camel",0.634920634920635,0.957410562180579,0.615384615384615,0.960683760683761,0.615384615384615,0.634920634920635,0.625,0.0969230769230769,0.0615384615384615,0.1,0.796165598550607
"Class: carnivore",0.893203883495146,0.970749542961609,0.851851851851852,0.97970479704797,0.851851851851852,0.893203883495146,0.872037914691943,0.158461538461538,0.141538461538462,0.166153846153846,0.931976713228377
"Class: human",0.230769230769231,0.994755244755245,0.857142857142858,0.904610492845787,0.857142857142857,0.230769230769231,0.363636363636364,0.12,0.0276923076923077,0.0323076923076923,0.612762237762238
"Class: rodent",0.918367346938776,0.983361064891847,0.818181818181818,0.99327731092437,0.818181818181818,0.918367346938776,0.865384615384615,0.0753846153846154,0.0692307692307692,0.0846153846153846,0.950864205915311
"Class: swine",0.653846153846154,0.994505494505495,0.957746478873239,0.937823834196891,0.957746478873239,0.653846153846154,0.777142857142857,0.16,0.104615384615385,0.109230769230769,0.824175824175824
"Class: yangbat",0.902777777777778,0.859861591695502,0.445205479452055,0.986111111111111,0.445205479452055,0.902777777777778,0.596330275229358,0.110769230769231,0.1,0.224615384615385,0.88131968473664
"Class: yinbat",0.721649484536082,0.938517179023508,0.673076923076923,0.950549450549451,0.673076923076923,0.721649484536082,0.696517412935324,0.149230769230769,0.107692307692308,0.16,0.830083331779795
