"","Sensitivity","Specificity","Pos Pred Value","Neg Pred Value","Precision","Recall","F1","Prevalence","Detection Rate","Detection Prevalence","Balanced Accuracy"
"Class: aves",0.909090909090909,1,1,0.98669623059867,1,0.909090909090909,0.952380952380952,0.129158512720157,0.117416829745597,0.117416829745597,0.954545454545455
"Class: camel",0.551724137931034,0.916114790286976,0.457142857142857,0.941043083900227,0.457142857142857,0.551724137931034,0.5,0.113502935420744,0.0626223091976517,0.136986301369863,0.733919464109005
"Class: carnivore",0.84,0.995412844036697,0.969230769230769,0.973094170403587,0.969230769230769,0.84,0.9,0.146771037181996,0.123287671232877,0.12720156555773,0.917706422018349
"Class: human",0.487179487179487,0.972286374133949,0.76,0.913232104121475,0.76,0.487179487179487,0.59375,0.152641878669276,0.0743639921722113,0.0978473581213307,0.729732930656718
"Class: rodent",0.875,0.995824634655532,0.933333333333334,0.991683991683992,0.933333333333333,0.875,0.903225806451613,0.0626223091976517,0.0547945205479452,0.0587084148727984,0.935412317327766
"Class: swine",0.615384615384615,0.964285714285714,0.788732394366197,0.920454545454546,0.788732394366197,0.615384615384615,0.691358024691358,0.178082191780822,0.10958904109589,0.13894324853229,0.789835164835165
"Class: yangbat",0.933333333333333,0.886266094420601,0.442105263157895,0.992788461538462,0.442105263157895,0.933333333333333,0.6,0.0880626223091976,0.0821917808219178,0.185909980430528,0.909799713876967
"Class: yinbat",0.803030303030303,0.961797752808989,0.757142857142857,0.970521541950113,0.757142857142857,0.803030303030303,0.779411764705882,0.129158512720157,0.103718199608611,0.136986301369863,0.882414027919646
