"","predatathin","postdatathin"
"sd",51.7253605687718,4.63067227672506
"min",1,1
"max",555,23
