"","genus","mean","sd"
"1","Alphacoronavirus",48.6521677530837,3.12155283388768
"2","Betacoronavirus",47.7652621636661,5.03794235605122
"3","Deltacoronavirus",54.7916962213525,3.43102473362727
"4","Gammacoronavirus",46.3590838484759,1.82538962437108
"5",NA,47.8870634352682,3.41222148667511
"6","Total",48.7716201602251,4.35880124283909
