"","genus","mean","sd"
"1","Alphacoronavirus",45.0199568243753,3.00352450184789
"2","Betacoronavirus",47.0261475093687,4.79172192089985
"3","Deltacoronavirus",51.7529618382354,3.21635123281867
"4","Gammacoronavirus",46.1139333296704,0.740216546797999
"5",NA,48.5626355310787,3.04375080561062
"6","Total",46.8070078772149,4.22050924207913
